{
  "sections": {
    "main": {
      "type": "main-article",
      "blocks": [
        {
          "type": "featured_image",
          "id": "featured_image"
        },
        {
          "type": "title",
          "id": "title"
        },
        {
          "type": "share",
          "id": "share"
        },
        {
          "type": "content",
          "id": "content"
        }
      ],
      "settings": {
        "show_date": true,
        "show_author": false,
        "show_share_buttons": true,
        "padding_top": 36,
        "padding_bottom": 36
      }
    },
    "related_articles": {
      "type": "related-blog-posts",
      "settings": {
        "heading": "Related articles",
        "heading_size": "h2",
        "blog": "",
        "post_limit": 3,
        "columns_desktop": 3,
        "color_scheme": "background-1",
        "image_ratio": "adapt",
        "show_image": true,
        "show_date": true,
        "show_author": false,
        "show_excerpt": false,
        "padding_top": 36,
        "padding_bottom": 36
      }
    }
  },
  "order": [
    "main",
    "related_articles"
  ]
}
