{
  "sections": {
    "cart_items": {
      "type": "main-cart-items",
      "settings": {
        "show_vendor": false
      }
    },
    "cart_footer": {
      "type": "main-cart-footer",
      "blocks": [
        {
          "type": "subtotal",
          "id": "subtotal"
        },
        {
          "type": "buttons",
          "id": "buttons"
        }
      ],
      "settings": {
        "show_cart_note": false
      }
    },
    "featured_products": {
      "type": "featured-collection",
      "settings": {
        "title": "You may also like",
        "heading_size": "h2",
        "description": "",
        "show_description": false,
        "description_style": "body",
        "collection": "all",
        "products_to_show": 4,
        "columns_desktop": 4,
        "full_width": false,
        "show_view_all": true,
        "view_all_style": "solid",
        "enable_desktop_slider": false,
        "color_scheme": "background-1",
        "image_ratio": "adapt",
        "show_secondary_image": false,
        "show_vendor": false,
        "show_rating": false,
        "enable_quick_add": false,
        "columns_mobile": "2",
        "swipe_on_mobile": false,
        "padding_top": 36,
        "padding_bottom": 36
      }
    }
  },
  "order": [
    "cart_items",
    "cart_footer",
    "featured_products"
  ]
}
