{
  "sections": {
    "main": {
      "type": "main-product",
      "blocks": [
        {
          "type": "title",
          "id": "title"
        },
        {
          "type": "price",
          "id": "price"
        },
        {
          "type": "variant_picker",
          "id": "variant_picker"
        },
        {
          "type": "quantity_selector",
          "id": "quantity_selector"
        },
        {
          "type": "buy_buttons",
          "id": "buy_buttons"
        },
        {
          "type": "description",
          "id": "description"
        }
      ],
      "settings": {
        "enable_sticky_info": true,
        "media_size": "large",
        "constrain_to_viewport": true,
        "media_fit": "contain",
        "gallery_layout": "stacked",
        "media_position": "left",
        "image_zoom": "lightbox",
        "mobile_thumbnails": "hide",
        "hide_variants": true,
        "enable_video_looping": false
      }
    },
    "related_products": {
      "type": "related-products",
      "settings": {
        "heading": "You may also like",
        "heading_size": "h2",
        "products_to_show": 4,
        "columns_desktop": 4,
        "color_scheme": "background-1",
        "image_ratio": "square",
        "show_secondary_image": true,
        "show_vendor": false,
        "show_rating": false,
        "columns_mobile": "2",
        "padding_top": 36,
        "padding_bottom": 28
      }
    }
  },
  "order": [
    "main",
    "related_products"
  ]
}
